{
  "project_info": {
    "project_number": "885025213104",
    "project_id": "hw08-305b3",
    "storage_bucket": "hw08-305b3.appspot.com"
  },
  "client": [
    {
      "client_info": {
        "mobilesdk_app_id": "1:885025213104:android:ee7ac3206f3f67b8ec4975",
        "android_client_info": {
          "package_name": "edu.uncc.hw08"
        }
      },
      "oauth_client": [
        {
          "client_id": "885025213104-acpb0ho9h8ovno3fh3ietm2c0gl5ksmu.apps.googleusercontent.com",
          "client_type": 3
        }
      ],
      "api_key": [
        {
          "current_key": "AIzaSyAakntfxScdq8hPVOgEfuS4PtAz8XPebjg"
        }
      ],
      "services": {
        "appinvite_service": {
          "other_platform_oauth_client": [
            {
              "client_id": "885025213104-acpb0ho9h8ovno3fh3ietm2c0gl5ksmu.apps.googleusercontent.com",
              "client_type": 3
            }
          ]
        }
      }
    }
  ],
  "configuration_version": "1"
}